sample size and proportion,classifier,metric,val
200_1090,lr_tfidf,f1_mean,0.908126948
200_1090,lr_tfidf,ci_lower,0.772245763
200_1090,lr_tfidf,ci_upper,1
200_1090,lr_tfidf,std,0.062063927
200_1090,nb_tfidf,f1_mean,0.907237539
200_1090,nb_tfidf,ci_lower,0.772245763
200_1090,nb_tfidf,ci_upper,1
200_1090,nb_tfidf,std,0.06348067
200_1090,rf_tfidf,f1_mean,0.907479627
200_1090,rf_tfidf,ci_lower,0.772245763
200_1090,rf_tfidf,ci_upper,1
200_1090,rf_tfidf,std,0.06132161
200_1090,dt_tfidf,f1_mean,0.875981212
200_1090,dt_tfidf,ci_lower,0.740131579
200_1090,dt_tfidf,ci_upper,0.984126984
200_1090,dt_tfidf,std,0.062597372
200_1090,svc_tfidf,f1_mean,0.906477224
200_1090,svc_tfidf,ci_lower,0.772245763
200_1090,svc_tfidf,ci_upper,1
200_1090,svc_tfidf,std,0.067149646
200_1090,lsvc_tfidf,f1_mean,0.905698204
200_1090,lsvc_tfidf,ci_lower,0.772245763
200_1090,lsvc_tfidf,ci_upper,1
200_1090,lsvc_tfidf,std,0.058984061
200_1090,sgd_tfidf,f1_mean,0.911257436
200_1090,sgd_tfidf,ci_lower,0.772245763
200_1090,sgd_tfidf,ci_upper,1
200_1090,sgd_tfidf,std,0.056991864
200_1090,knn_tfidf,f1_mean,0.907963915
200_1090,knn_tfidf,ci_lower,0.772245763
200_1090,knn_tfidf,ci_upper,1
200_1090,knn_tfidf,std,0.062541096
200_2080,lr_tfidf,f1_mean,0.793441655
200_2080,lr_tfidf,ci_lower,0.642857143
200_2080,lr_tfidf,ci_upper,0.953373016
200_2080,lr_tfidf,std,0.08065343
200_2080,nb_tfidf,f1_mean,0.720262686
200_2080,nb_tfidf,ci_lower,0.52004717
200_2080,nb_tfidf,ci_upper,0.907258065
200_2080,nb_tfidf,std,0.09886224
200_2080,rf_tfidf,f1_mean,0.725604699
200_2080,rf_tfidf,ci_lower,0.560185185
200_2080,rf_tfidf,ci_upper,0.907258065
200_2080,rf_tfidf,std,0.094400569
200_2080,dt_tfidf,f1_mean,0.818019023
200_2080,dt_tfidf,ci_lower,0.665069042
200_2080,dt_tfidf,ci_upper,0.9375
200_2080,dt_tfidf,std,0.07556095
200_2080,svc_tfidf,f1_mean,0.730507568
200_2080,svc_tfidf,ci_lower,0.52004717
200_2080,svc_tfidf,ci_upper,0.907258065
200_2080,svc_tfidf,std,0.095394246
200_2080,lsvc_tfidf,f1_mean,0.792172763
200_2080,lsvc_tfidf,ci_lower,0.601136364
200_2080,lsvc_tfidf,ci_upper,0.943414352
200_2080,lsvc_tfidf,std,0.086277406
200_2080,sgd_tfidf,f1_mean,0.787678049
200_2080,sgd_tfidf,ci_lower,0.601136364
200_2080,sgd_tfidf,ci_upper,0.92816092
200_2080,sgd_tfidf,std,0.088429988
200_2080,knn_tfidf,f1_mean,0.840023222
200_2080,knn_tfidf,ci_lower,0.664153439
200_2080,knn_tfidf,ci_upper,0.96729798
200_2080,knn_tfidf,std,0.08053806
200_3070,lr_tfidf,f1_mean,0.650111224
200_3070,lr_tfidf,ci_lower,0.4725
200_3070,lr_tfidf,ci_upper,0.840517241
200_3070,lr_tfidf,std,0.093448146
200_3070,nb_tfidf,f1_mean,0.73178857
200_3070,nb_tfidf,ci_lower,0.560185185
200_3070,nb_tfidf,ci_upper,0.907258065
200_3070,nb_tfidf,std,0.095336609
200_3070,rf_tfidf,f1_mean,0.714578345
200_3070,rf_tfidf,ci_lower,0.536429608
200_3070,rf_tfidf,ci_upper,0.891393443
200_3070,rf_tfidf,std,0.091292101
200_3070,dt_tfidf,f1_mean,0.551473603
200_3070,dt_tfidf,ci_lower,0.392360322
200_3070,dt_tfidf,ci_upper,0.737750545
200_3070,dt_tfidf,std,0.089178694
200_3070,svc_tfidf,f1_mean,0.730338256
200_3070,svc_tfidf,ci_lower,0.560185185
200_3070,svc_tfidf,ci_upper,0.907258065
200_3070,svc_tfidf,std,0.095944509
200_3070,lsvc_tfidf,f1_mean,0.637857642
200_3070,lsvc_tfidf,ci_lower,0.4375
200_3070,lsvc_tfidf,ci_upper,0.822368421
200_3070,lsvc_tfidf,std,0.097445533
200_3070,sgd_tfidf,f1_mean,0.647058553
200_3070,sgd_tfidf,ci_lower,0.470347453
200_3070,sgd_tfidf,ci_upper,0.812140152
200_3070,sgd_tfidf,std,0.088248173
200_3070,knn_tfidf,f1_mean,0.668896973
200_3070,knn_tfidf,ci_lower,0.511658194
200_3070,knn_tfidf,ci_upper,0.840517241
200_3070,knn_tfidf,std,0.083239987
200_4060,lr_tfidf,f1_mean,0.583468697
200_4060,lr_tfidf,ci_lower,0.392696182
200_4060,lr_tfidf,ci_upper,0.768267181
200_4060,lr_tfidf,std,0.09842659
200_4060,nb_tfidf,f1_mean,0.609748373
200_4060,nb_tfidf,ci_lower,0.413419913
200_4060,nb_tfidf,ci_upper,0.786454241
200_4060,nb_tfidf,std,0.097149407
200_4060,rf_tfidf,f1_mean,0.402029774
200_4060,rf_tfidf,ci_lower,0.204545455
200_4060,rf_tfidf,ci_upper,0.607142857
200_4060,rf_tfidf,std,0.107408269
200_4060,dt_tfidf,f1_mean,0.453416741
200_4060,dt_tfidf,ci_lower,0.279119634
200_4060,dt_tfidf,ci_upper,0.653091427
200_4060,dt_tfidf,std,0.095847227
200_4060,svc_tfidf,f1_mean,0.560007721
200_4060,svc_tfidf,ci_lower,0.358734773
200_4060,svc_tfidf,ci_upper,0.757967836
200_4060,svc_tfidf,std,0.104307899
200_4060,lsvc_tfidf,f1_mean,0.584571726
200_4060,lsvc_tfidf,ci_lower,0.398364234
200_4060,lsvc_tfidf,ci_upper,0.781621595
200_4060,lsvc_tfidf,std,0.096391009
200_4060,sgd_tfidf,f1_mean,0.618169688
200_4060,sgd_tfidf,ci_lower,0.432010889
200_4060,sgd_tfidf,ci_upper,0.781282075
200_4060,sgd_tfidf,std,0.090694389
200_4060,knn_tfidf,f1_mean,0.54465173
200_4060,knn_tfidf,ci_lower,0.371139706
200_4060,knn_tfidf,ci_upper,0.73512987
200_4060,knn_tfidf,std,0.092025584
200_5050,lr_tfidf,f1_mean,0.527829711
200_5050,lr_tfidf,ci_lower,0.353819055
200_5050,lr_tfidf,ci_upper,0.714561976
200_5050,lr_tfidf,std,0.089321004
200_5050,nb_tfidf,f1_mean,0.621990046
200_5050,nb_tfidf,ci_lower,0.468724035
200_5050,nb_tfidf,ci_upper,0.782340543
200_5050,nb_tfidf,std,0.08262706
200_5050,rf_tfidf,f1_mean,0.34805702
200_5050,rf_tfidf,ci_lower,0.162564103
200_5050,rf_tfidf,ci_upper,0.553585101
200_5050,rf_tfidf,std,0.100298324
200_5050,dt_tfidf,f1_mean,0.529246052
200_5050,dt_tfidf,ci_lower,0.350198413
200_5050,dt_tfidf,ci_upper,0.6875
200_5050,dt_tfidf,std,0.087222138
200_5050,svc_tfidf,f1_mean,0.481518236
200_5050,svc_tfidf,ci_lower,0.299984543
200_5050,svc_tfidf,ci_upper,0.67734375
200_5050,svc_tfidf,std,0.095405181
200_5050,lsvc_tfidf,f1_mean,0.48858133
200_5050,lsvc_tfidf,ci_lower,0.319253555
200_5050,lsvc_tfidf,ci_upper,0.651989711
200_5050,lsvc_tfidf,std,0.087803963
200_5050,sgd_tfidf,f1_mean,0.594306009
200_5050,sgd_tfidf,ci_lower,0.424146805
200_5050,sgd_tfidf,ci_upper,0.743990385
200_5050,sgd_tfidf,std,0.084537688
200_5050,knn_tfidf,f1_mean,0.572576971
200_5050,knn_tfidf,ci_lower,0.3934883
200_5050,knn_tfidf,ci_upper,0.7219542
200_5050,knn_tfidf,std,0.086654435
400_1090,lr_tfidf,f1_mean,0.888819447
400_1090,lr_tfidf,ci_lower,0.794380252
400_1090,lr_tfidf,ci_upper,0.976624016
400_1090,lr_tfidf,std,0.048649941
400_1090,nb_tfidf,f1_mean,0.879093101
400_1090,nb_tfidf,ci_lower,0.772245763
400_1090,nb_tfidf,ci_upper,0.953373016
400_1090,nb_tfidf,std,0.050008219
400_1090,rf_tfidf,f1_mean,0.885644981
400_1090,rf_tfidf,ci_lower,0.794380252
400_1090,rf_tfidf,ci_upper,0.976624016
400_1090,rf_tfidf,std,0.046332495
400_1090,dt_tfidf,f1_mean,0.893177027
400_1090,dt_tfidf,ci_lower,0.803281711
400_1090,dt_tfidf,ci_upper,0.96875
400_1090,dt_tfidf,std,0.042922152
400_1090,svc_tfidf,f1_mean,0.887601884
400_1090,svc_tfidf,ci_lower,0.794380252
400_1090,svc_tfidf,ci_upper,0.976624016
400_1090,svc_tfidf,std,0.046086309
400_1090,lsvc_tfidf,f1_mean,0.884058622
400_1090,lsvc_tfidf,ci_lower,0.772245763
400_1090,lsvc_tfidf,ci_upper,0.976624016
400_1090,lsvc_tfidf,std,0.050448469
400_1090,sgd_tfidf,f1_mean,0.866836073
400_1090,sgd_tfidf,ci_lower,0.756465517
400_1090,sgd_tfidf,ci_upper,0.960084807
400_1090,sgd_tfidf,std,0.052200198
400_1090,knn_tfidf,f1_mean,0.904868803
400_1090,knn_tfidf,ci_lower,0.81254902
400_1090,knn_tfidf,ci_upper,0.982615668
400_1090,knn_tfidf,std,0.044170045
400_2080,lr_tfidf,f1_mean,0.729040681
400_2080,lr_tfidf,ci_lower,0.595182466
400_2080,lr_tfidf,ci_upper,0.868491888
400_2080,lr_tfidf,std,0.070014463
400_2080,nb_tfidf,f1_mean,0.72604786
400_2080,nb_tfidf,ci_lower,0.595182466
400_2080,nb_tfidf,ci_upper,0.853270202
400_2080,nb_tfidf,std,0.070763836
400_2080,rf_tfidf,f1_mean,0.726046765
400_2080,rf_tfidf,ci_lower,0.580561927
400_2080,rf_tfidf,ci_upper,0.84983806
400_2080,rf_tfidf,std,0.069024113
400_2080,dt_tfidf,f1_mean,0.7327939
400_2080,dt_tfidf,ci_lower,0.618212366
400_2080,dt_tfidf,ci_upper,0.838121784
400_2080,dt_tfidf,std,0.059500016
400_2080,svc_tfidf,f1_mean,0.732806259
400_2080,svc_tfidf,ci_lower,0.580561927
400_2080,svc_tfidf,ci_upper,0.859095765
400_2080,svc_tfidf,std,0.071478603
400_2080,lsvc_tfidf,f1_mean,0.729658606
400_2080,lsvc_tfidf,ci_lower,0.574935678
400_2080,lsvc_tfidf,ci_upper,0.859095765
400_2080,lsvc_tfidf,std,0.073076217
400_2080,sgd_tfidf,f1_mean,0.727426931
400_2080,sgd_tfidf,ci_lower,0.591065037
400_2080,sgd_tfidf,ci_upper,0.859095765
400_2080,sgd_tfidf,std,0.069585044
400_2080,knn_tfidf,f1_mean,0.729731108
400_2080,knn_tfidf,ci_lower,0.606544838
400_2080,knn_tfidf,ci_upper,0.85933584
400_2080,knn_tfidf,std,0.066275323
400_3070,lr_tfidf,f1_mean,0.739036163
400_3070,lr_tfidf,ci_lower,0.602162087
400_3070,lr_tfidf,ci_upper,0.868491888
400_3070,lr_tfidf,std,0.066628172
400_3070,nb_tfidf,f1_mean,0.725875265
400_3070,nb_tfidf,ci_lower,0.58378139
400_3070,nb_tfidf,ci_upper,0.859095765
400_3070,nb_tfidf,std,0.071974795
400_3070,rf_tfidf,f1_mean,0.666687528
400_3070,rf_tfidf,ci_lower,0.529530313
400_3070,rf_tfidf,ci_upper,0.794380252
400_3070,rf_tfidf,std,0.067863525
400_3070,dt_tfidf,f1_mean,0.73922324
400_3070,dt_tfidf,ci_lower,0.612095667
400_3070,dt_tfidf,ci_upper,0.846798044
400_3070,dt_tfidf,std,0.060348713
400_3070,svc_tfidf,f1_mean,0.732528801
400_3070,svc_tfidf,ci_lower,0.595182466
400_3070,svc_tfidf,ci_upper,0.864506689
400_3070,svc_tfidf,std,0.069777198
400_3070,lsvc_tfidf,f1_mean,0.733556029
400_3070,lsvc_tfidf,ci_lower,0.590708276
400_3070,lsvc_tfidf,ci_upper,0.851238247
400_3070,lsvc_tfidf,std,0.064836422
400_3070,sgd_tfidf,f1_mean,0.729336878
400_3070,sgd_tfidf,ci_lower,0.606534071
400_3070,sgd_tfidf,ci_upper,0.836251564
400_3070,sgd_tfidf,std,0.058921049
400_3070,knn_tfidf,f1_mean,0.675917413
400_3070,knn_tfidf,ci_lower,0.539733381
400_3070,knn_tfidf,ci_upper,0.80910829
400_3070,knn_tfidf,std,0.067960111
400_4060,lr_tfidf,f1_mean,0.614802391
400_4060,lr_tfidf,ci_lower,0.462119598
400_4060,lr_tfidf,ci_upper,0.760871597
400_4060,lr_tfidf,std,0.072651627
400_4060,nb_tfidf,f1_mean,0.6155458
400_4060,nb_tfidf,ci_lower,0.455883066
400_4060,nb_tfidf,ci_upper,0.756881068
400_4060,nb_tfidf,std,0.076716313
400_4060,rf_tfidf,f1_mean,0.558652587
400_4060,rf_tfidf,ci_lower,0.402664616
400_4060,rf_tfidf,ci_upper,0.71841885
400_4060,rf_tfidf,std,0.078735033
400_4060,dt_tfidf,f1_mean,0.504461919
400_4060,dt_tfidf,ci_lower,0.382692008
400_4060,dt_tfidf,ci_upper,0.627120348
400_4060,dt_tfidf,std,0.064760489
400_4060,svc_tfidf,f1_mean,0.641526098
400_4060,svc_tfidf,ci_lower,0.46839183
400_4060,svc_tfidf,ci_upper,0.785098214
400_4060,svc_tfidf,std,0.077134282
400_4060,lsvc_tfidf,f1_mean,0.63475905
400_4060,lsvc_tfidf,ci_lower,0.497031885
400_4060,lsvc_tfidf,ci_upper,0.771160396
400_4060,lsvc_tfidf,std,0.071038222
400_4060,sgd_tfidf,f1_mean,0.63823497
400_4060,sgd_tfidf,ci_lower,0.518173447
400_4060,sgd_tfidf,ci_upper,0.769936862
400_4060,sgd_tfidf,std,0.066395879
400_4060,knn_tfidf,f1_mean,0.563738997
400_4060,knn_tfidf,ci_lower,0.440380391
400_4060,knn_tfidf,ci_upper,0.67044073
400_4060,knn_tfidf,std,0.061102818
400_5050,lr_tfidf,f1_mean,0.584108396
400_5050,lr_tfidf,ci_lower,0.462679108
400_5050,lr_tfidf,ci_upper,0.701789773
400_5050,lr_tfidf,std,0.063078409
400_5050,nb_tfidf,f1_mean,0.645262863
400_5050,nb_tfidf,ci_lower,0.524203633
400_5050,nb_tfidf,ci_upper,0.762436229
400_5050,nb_tfidf,std,0.0621069
400_5050,rf_tfidf,f1_mean,0.645340956
400_5050,rf_tfidf,ci_lower,0.505746124
400_5050,rf_tfidf,ci_upper,0.772693007
400_5050,rf_tfidf,std,0.067954115
400_5050,dt_tfidf,f1_mean,0.492866867
400_5050,dt_tfidf,ci_lower,0.372090517
400_5050,dt_tfidf,ci_upper,0.598146645
400_5050,dt_tfidf,std,0.060587701
400_5050,svc_tfidf,f1_mean,0.646403148
400_5050,svc_tfidf,ci_lower,0.520198006
400_5050,svc_tfidf,ci_upper,0.76521819
400_5050,svc_tfidf,std,0.063763385
400_5050,lsvc_tfidf,f1_mean,0.583953618
400_5050,lsvc_tfidf,ci_lower,0.465712142
400_5050,lsvc_tfidf,ci_upper,0.705582231
400_5050,lsvc_tfidf,std,0.062050909
400_5050,sgd_tfidf,f1_mean,0.615715939
400_5050,sgd_tfidf,ci_lower,0.496029412
400_5050,sgd_tfidf,ci_upper,0.747463942
400_5050,sgd_tfidf,std,0.063553859
400_5050,knn_tfidf,f1_mean,0.6521713
400_5050,knn_tfidf,ci_lower,0.526405538
400_5050,knn_tfidf,ci_upper,0.763355716
400_5050,knn_tfidf,std,0.06115963
500_1090,lr_tfidf,f1_mean,0.929392119
500_1090,lr_tfidf,ci_lower,0.896551724
500_1090,lr_tfidf,ci_upper,0.961038961
500_1090,lr_tfidf,std,0.020026894
500_1090,nb_tfidf,f1_mean,0.936733722
500_1090,nb_tfidf,ci_lower,0.904109589
500_1090,nb_tfidf,ci_upper,0.974358974
500_1090,nb_tfidf,std,0.021297669
500_1090,rf_tfidf,f1_mean,0.932477954
500_1090,rf_tfidf,ci_lower,0.896551724
500_1090,rf_tfidf,ci_upper,0.961038961
500_1090,rf_tfidf,std,0.021503912
500_1090,dt_tfidf,f1_mean,0.879247308
500_1090,dt_tfidf,ci_lower,0.826855374
500_1090,dt_tfidf,ci_upper,0.919102933
500_1090,dt_tfidf,std,0.029655924
500_1090,svc_tfidf,f1_mean,0.931789412
500_1090,svc_tfidf,ci_lower,0.896551724
500_1090,svc_tfidf,ci_upper,0.961038961
500_1090,svc_tfidf,std,0.020799824
500_1090,lsvc_tfidf,f1_mean,0.928326186
500_1090,lsvc_tfidf,ci_lower,0.88695164
500_1090,lsvc_tfidf,ci_upper,0.966938688
500_1090,lsvc_tfidf,std,0.026243026
500_1090,sgd_tfidf,f1_mean,0.919426375
500_1090,sgd_tfidf,ci_lower,0.881118881
500_1090,sgd_tfidf,ci_upper,0.954248366
500_1090,sgd_tfidf,std,0.027009671
500_1090,knn_tfidf,f1_mean,0.937145947
500_1090,knn_tfidf,ci_lower,0.907639903
500_1090,knn_tfidf,ci_upper,0.960557075
500_1090,knn_tfidf,std,0.01931678
500_1090,lr_w2v,f1_mean,0.931780411
500_1090,lr_w2v,ci_lower,0.888888889
500_1090,lr_w2v,ci_upper,0.967741935
500_1090,lr_w2v,std,0.022836832
500_2080,lr_tfidf,f1_mean,0.849388828
500_2080,lr_tfidf,ci_lower,0.756519924
500_2080,lr_tfidf,ci_upper,0.932950531
500_2080,lr_tfidf,std,0.04507099
500_2080,nb_tfidf,f1_mean,0.735673101
500_2080,nb_tfidf,ci_lower,0.617895758
500_2080,nb_tfidf,ci_upper,0.844874924
500_2080,nb_tfidf,std,0.060592007
500_2080,rf_tfidf,f1_mean,0.711236568
500_2080,rf_tfidf,ci_lower,0.584266584
500_2080,rf_tfidf,ci_upper,0.816666667
500_2080,rf_tfidf,std,0.060895857
500_2080,dt_tfidf,f1_mean,0.721733338
500_2080,dt_tfidf,ci_lower,0.623086089
500_2080,dt_tfidf,ci_upper,0.811510209
500_2080,dt_tfidf,std,0.050301021
500_2080,svc_tfidf,f1_mean,0.785171899
500_2080,svc_tfidf,ci_lower,0.674525274
500_2080,svc_tfidf,ci_upper,0.892689766
500_2080,svc_tfidf,std,0.05727743
500_2080,lsvc_tfidf,f1_mean,0.859374363
500_2080,lsvc_tfidf,ci_lower,0.765543433
500_2080,lsvc_tfidf,ci_upper,0.938647016
500_2080,lsvc_tfidf,std,0.044058351
500_2080,sgd_tfidf,f1_mean,0.829755947
500_2080,sgd_tfidf,ci_lower,0.738183717
500_2080,sgd_tfidf,ci_upper,0.911131463
500_2080,sgd_tfidf,std,0.044693679
500_2080,knn_tfidf,f1_mean,0.849487573
500_2080,knn_tfidf,ci_lower,0.763748666
500_2080,knn_tfidf,ci_upper,0.93459576
500_2080,knn_tfidf,std,0.042610105
500_3070,lr_tfidf,f1_mean,0.76129429
500_3070,lr_tfidf,ci_lower,0.64201945
500_3070,lr_tfidf,ci_upper,0.861647263
500_3070,lr_tfidf,std,0.055147226
500_3070,nb_tfidf,f1_mean,0.734655755
500_3070,nb_tfidf,ci_lower,0.604740741
500_3070,nb_tfidf,ci_upper,0.851119895
500_3070,nb_tfidf,std,0.062574741
500_3070,rf_tfidf,f1_mean,0.714899726
500_3070,rf_tfidf,ci_lower,0.595646803
500_3070,rf_tfidf,ci_upper,0.833332544
500_3070,rf_tfidf,std,0.059612726
500_3070,dt_tfidf,f1_mean,0.719467291
500_3070,dt_tfidf,ci_lower,0.602396011
500_3070,dt_tfidf,ci_upper,0.808910807
500_3070,dt_tfidf,std,0.051750032
500_3070,svc_tfidf,f1_mean,0.753248155
500_3070,svc_tfidf,ci_lower,0.63363387
500_3070,svc_tfidf,ci_upper,0.861998879
500_3070,svc_tfidf,std,0.056996945
500_3070,lsvc_tfidf,f1_mean,0.760154905
500_3070,lsvc_tfidf,ci_lower,0.650495651
500_3070,lsvc_tfidf,ci_upper,0.865740294
500_3070,lsvc_tfidf,std,0.055852084
500_3070,sgd_tfidf,f1_mean,0.720688534
500_3070,sgd_tfidf,ci_lower,0.618869993
500_3070,sgd_tfidf,ci_upper,0.815474359
500_3070,sgd_tfidf,std,0.05116388
500_3070,knn_tfidf,f1_mean,0.731891865
500_3070,knn_tfidf,ci_lower,0.622111202
500_3070,knn_tfidf,ci_upper,0.843161074
500_3070,knn_tfidf,std,0.056036349
500_4060,lr_tfidf,f1_mean,0.705435654
500_4060,lr_tfidf,ci_lower,0.580527778
500_4060,lr_tfidf,ci_upper,0.807004681
500_4060,lr_tfidf,std,0.058405754
500_4060,nb_tfidf,f1_mean,0.674306659
500_4060,nb_tfidf,ci_lower,0.542022956
500_4060,nb_tfidf,ci_upper,0.79755103
500_4060,nb_tfidf,std,0.066606277
500_4060,rf_tfidf,f1_mean,0.582454512
500_4060,rf_tfidf,ci_lower,0.456625515
500_4060,rf_tfidf,ci_upper,0.718019481
500_4060,rf_tfidf,std,0.068601853
500_4060,dt_tfidf,f1_mean,0.661608441
500_4060,dt_tfidf,ci_lower,0.562520849
500_4060,dt_tfidf,ci_upper,0.77200423
500_4060,dt_tfidf,std,0.052836762
500_4060,svc_tfidf,f1_mean,0.688061834
500_4060,svc_tfidf,ci_lower,0.567526936
500_4060,svc_tfidf,ci_upper,0.80187652
500_4060,svc_tfidf,std,0.061182546
500_4060,lsvc_tfidf,f1_mean,0.695169183
500_4060,lsvc_tfidf,ci_lower,0.580357143
500_4060,lsvc_tfidf,ci_upper,0.799897152
500_4060,lsvc_tfidf,std,0.055911689
500_4060,sgd_tfidf,f1_mean,0.668913265
500_4060,sgd_tfidf,ci_lower,0.560349627
500_4060,sgd_tfidf,ci_upper,0.771623759
500_4060,sgd_tfidf,std,0.053342553
500_4060,knn_tfidf,f1_mean,0.663979928
500_4060,knn_tfidf,ci_lower,0.542884072
500_4060,knn_tfidf,ci_upper,0.771891077
500_4060,knn_tfidf,std,0.059241017
500_5050,lr_tfidf,f1_mean,0.686333599
500_5050,lr_tfidf,ci_lower,0.587226031
500_5050,lr_tfidf,ci_upper,0.785334778
500_5050,lr_tfidf,std,0.052446008
500_5050,nb_tfidf,f1_mean,0.675211011
500_5050,nb_tfidf,ci_lower,0.569112225
500_5050,nb_tfidf,ci_upper,0.777649875
500_5050,nb_tfidf,std,0.054717845
500_5050,rf_tfidf,f1_mean,0.631904081
500_5050,rf_tfidf,ci_lower,0.520891559
500_5050,rf_tfidf,ci_upper,0.730603579
500_5050,rf_tfidf,std,0.056581822
500_5050,dt_tfidf,f1_mean,0.724445459
500_5050,dt_tfidf,ci_lower,0.632218439
500_5050,dt_tfidf,ci_upper,0.813041289
500_5050,dt_tfidf,std,0.04853037
500_5050,svc_tfidf,f1_mean,0.672095672
500_5050,svc_tfidf,ci_lower,0.560664944
500_5050,svc_tfidf,ci_upper,0.769820972
500_5050,svc_tfidf,std,0.054082812
500_5050,lsvc_tfidf,f1_mean,0.645219448
500_5050,lsvc_tfidf,ci_lower,0.536606734
500_5050,lsvc_tfidf,ci_upper,0.761764216
500_5050,lsvc_tfidf,std,0.055788183
500_5050,sgd_tfidf,f1_mean,0.640220591
500_5050,sgd_tfidf,ci_lower,0.524375
500_5050,sgd_tfidf,ci_upper,0.746881616
500_5050,sgd_tfidf,std,0.056402889
500_5050,knn_tfidf,f1_mean,0.62354332
500_5050,knn_tfidf,ci_lower,0.511914248
500_5050,knn_tfidf,ci_upper,0.725788194
500_5050,knn_tfidf,std,0.053575276
600_1090,lr_tfidf,f1_mean,0.798106885
600_1090,lr_tfidf,ci_lower,0.699612403
600_1090,lr_tfidf,ci_upper,0.892004505
600_1090,lr_tfidf,std,0.049461426
600_1090,nb_tfidf,f1_mean,0.803375937
600_1090,nb_tfidf,ci_lower,0.713993256
600_1090,nb_tfidf,ci_upper,0.900012624
600_1090,nb_tfidf,std,0.049053835
600_1090,rf_tfidf,f1_mean,0.802538388
600_1090,rf_tfidf,ci_lower,0.699612403
600_1090,rf_tfidf,ci_upper,0.892004505
600_1090,rf_tfidf,std,0.050513096
600_1090,dt_tfidf,f1_mean,0.776624393
600_1090,dt_tfidf,ci_lower,0.682634173
600_1090,dt_tfidf,ci_upper,0.867755552
600_1090,dt_tfidf,std,0.047458615
600_1090,svc_tfidf,f1_mean,0.802900298
600_1090,svc_tfidf,ci_lower,0.699612403
600_1090,svc_tfidf,ci_upper,0.892004505
600_1090,svc_tfidf,std,0.050882393
600_1090,lsvc_tfidf,f1_mean,0.799648619
600_1090,lsvc_tfidf,ci_lower,0.685307018
600_1090,lsvc_tfidf,ci_upper,0.892004505
600_1090,lsvc_tfidf,std,0.053162337
600_1090,sgd_tfidf,f1_mean,0.802858775
600_1090,sgd_tfidf,ci_lower,0.713993256
600_1090,sgd_tfidf,ci_upper,0.892004505
600_1090,sgd_tfidf,std,0.048157248
600_1090,knn_tfidf,f1_mean,0.823788636
600_1090,knn_tfidf,ci_lower,0.718530322
600_1090,knn_tfidf,ci_upper,0.912134691
600_1090,knn_tfidf,std,0.047166888
600_2080,lr_tfidf,f1_mean,0.810420426
600_2080,lr_tfidf,ci_lower,0.717581906
600_2080,lr_tfidf,ci_upper,0.895261471
600_2080,lr_tfidf,std,0.047481782
600_2080,nb_tfidf,f1_mean,0.687914762
600_2080,nb_tfidf,ci_lower,0.573747444
600_2080,nb_tfidf,ci_upper,0.801792365
600_2080,nb_tfidf,std,0.056560441
600_2080,rf_tfidf,f1_mean,0.686093429
600_2080,rf_tfidf,ci_lower,0.573747444
600_2080,rf_tfidf,ci_upper,0.786985019
600_2080,rf_tfidf,std,0.055600508
600_2080,dt_tfidf,f1_mean,0.748036632
600_2080,dt_tfidf,ci_lower,0.652628214
600_2080,dt_tfidf,ci_upper,0.840625101
600_2080,dt_tfidf,std,0.047215128
600_2080,svc_tfidf,f1_mean,0.810376502
600_2080,svc_tfidf,ci_lower,0.694253859
600_2080,svc_tfidf,ci_upper,0.903475936
600_2080,svc_tfidf,std,0.050238392
600_2080,lsvc_tfidf,f1_mean,0.815612111
600_2080,lsvc_tfidf,ci_lower,0.71821114
600_2080,lsvc_tfidf,ci_upper,0.897694992
600_2080,lsvc_tfidf,std,0.044309014
600_2080,sgd_tfidf,f1_mean,0.842616112
600_2080,sgd_tfidf,ci_lower,0.743577811
600_2080,sgd_tfidf,ci_upper,0.920615276
600_2080,sgd_tfidf,std,0.044017531
600_2080,knn_tfidf,f1_mean,0.815879511
600_2080,knn_tfidf,ci_lower,0.727478156
600_2080,knn_tfidf,ci_upper,0.900010212
600_2080,knn_tfidf,std,0.0451915
600_3070,lr_tfidf,f1_mean,0.76069114
600_3070,lr_tfidf,ci_lower,0.649197197
600_3070,lr_tfidf,ci_upper,0.860429128
600_3070,lr_tfidf,std,0.052849835
600_3070,nb_tfidf,f1_mean,0.720152635
600_3070,nb_tfidf,ci_lower,0.613322667
600_3070,nb_tfidf,ci_upper,0.827155274
600_3070,nb_tfidf,std,0.054795643
600_3070,rf_tfidf,f1_mean,0.621369599
600_3070,rf_tfidf,ci_lower,0.498537098
600_3070,rf_tfidf,ci_upper,0.752232143
600_3070,rf_tfidf,std,0.062377336
600_3070,dt_tfidf,f1_mean,0.771860831
600_3070,dt_tfidf,ci_lower,0.671881987
600_3070,dt_tfidf,ci_upper,0.860431008
600_3070,dt_tfidf,std,0.046242223
600_3070,svc_tfidf,f1_mean,0.76457894
600_3070,svc_tfidf,ci_lower,0.672763331
600_3070,svc_tfidf,ci_upper,0.860685022
600_3070,svc_tfidf,std,0.051396158
600_3070,lsvc_tfidf,f1_mean,0.756186146
600_3070,lsvc_tfidf,ci_lower,0.644699943
600_3070,lsvc_tfidf,ci_upper,0.85625
600_3070,lsvc_tfidf,std,0.053284819
600_3070,sgd_tfidf,f1_mean,0.739150206
600_3070,sgd_tfidf,ci_lower,0.645428646
600_3070,sgd_tfidf,ci_upper,0.831655578
600_3070,sgd_tfidf,std,0.04854715
600_3070,knn_tfidf,f1_mean,0.785011295
600_3070,knn_tfidf,ci_lower,0.688827329
600_3070,knn_tfidf,ci_upper,0.867244592
600_3070,knn_tfidf,std,0.04570898
600_4060,lr_tfidf,f1_mean,0.643508024
600_4060,lr_tfidf,ci_lower,0.547684261
600_4060,lr_tfidf,ci_upper,0.748525981
600_4060,lr_tfidf,std,0.051984188
600_4060,nb_tfidf,f1_mean,0.624222422
600_4060,nb_tfidf,ci_lower,0.513027295
600_4060,nb_tfidf,ci_upper,0.741508108
600_4060,nb_tfidf,std,0.060894185
600_4060,rf_tfidf,f1_mean,0.573846846
600_4060,rf_tfidf,ci_lower,0.44146235
600_4060,rf_tfidf,ci_upper,0.698571429
600_4060,rf_tfidf,std,0.066623354
600_4060,dt_tfidf,f1_mean,0.553183426
600_4060,dt_tfidf,ci_lower,0.45369044
600_4060,dt_tfidf,ci_upper,0.643289969
600_4060,dt_tfidf,std,0.049573775
600_4060,svc_tfidf,f1_mean,0.632273718
600_4060,svc_tfidf,ci_lower,0.507575758
600_4060,svc_tfidf,ci_upper,0.741008632
600_4060,svc_tfidf,std,0.060731498
600_4060,lsvc_tfidf,f1_mean,0.628343973
600_4060,lsvc_tfidf,ci_lower,0.516663843
600_4060,lsvc_tfidf,ci_upper,0.72470491
600_4060,lsvc_tfidf,std,0.052305978
600_4060,sgd_tfidf,f1_mean,0.642227058
600_4060,sgd_tfidf,ci_lower,0.533019474
600_4060,sgd_tfidf,ci_upper,0.737078836
600_4060,sgd_tfidf,std,0.050647756
600_4060,knn_tfidf,f1_mean,0.597265882
600_4060,knn_tfidf,ci_lower,0.503401612
600_4060,knn_tfidf,ci_upper,0.699936069
600_4060,knn_tfidf,std,0.052040222
600_5050,lr_tfidf,f1_mean,0.686630222
600_5050,lr_tfidf,ci_lower,0.59047293
600_5050,lr_tfidf,ci_upper,0.78462257
600_5050,lr_tfidf,std,0.049267651
600_5050,nb_tfidf,f1_mean,0.64289218
600_5050,nb_tfidf,ci_lower,0.545223468
600_5050,nb_tfidf,ci_upper,0.745820292
600_5050,nb_tfidf,std,0.053508546
600_5050,rf_tfidf,f1_mean,0.637303407
600_5050,rf_tfidf,ci_lower,0.528904379
600_5050,rf_tfidf,ci_upper,0.744105523
600_5050,rf_tfidf,std,0.055206134
600_5050,dt_tfidf,f1_mean,0.66203969
600_5050,dt_tfidf,ci_lower,0.560323912
600_5050,dt_tfidf,ci_upper,0.76120307
600_5050,dt_tfidf,std,0.052939061
600_5050,svc_tfidf,f1_mean,0.634314928
600_5050,svc_tfidf,ci_lower,0.533262948
600_5050,svc_tfidf,ci_upper,0.724400195
600_5050,svc_tfidf,std,0.049905915
600_5050,lsvc_tfidf,f1_mean,0.665057451
600_5050,lsvc_tfidf,ci_lower,0.565932349
600_5050,lsvc_tfidf,ci_upper,0.758563153
600_5050,lsvc_tfidf,std,0.04862686
600_5050,sgd_tfidf,f1_mean,0.636238835
600_5050,sgd_tfidf,ci_lower,0.540593962
600_5050,sgd_tfidf,ci_upper,0.728943226
600_5050,sgd_tfidf,std,0.049141212
600_5050,knn_tfidf,f1_mean,0.690230182
600_5050,knn_tfidf,ci_lower,0.586284415
600_5050,knn_tfidf,ci_upper,0.780436586
600_5050,knn_tfidf,std,0.048550037
800_1090,lr_tfidf,f1_mean,0.916975495
800_1090,lr_tfidf,ci_lower,0.852592397
800_1090,lr_tfidf,ci_upper,0.966469775
800_1090,lr_tfidf,std,0.02964608
800_1090,nb_tfidf,f1_mean,0.862290889
800_1090,nb_tfidf,ci_lower,0.794380252
800_1090,nb_tfidf,ci_upper,0.93025
800_1090,nb_tfidf,std,0.036149349
800_1090,rf_tfidf,f1_mean,0.862576662
800_1090,rf_tfidf,ci_lower,0.794380252
800_1090,rf_tfidf,ci_upper,0.93025
800_1090,rf_tfidf,std,0.035241088
800_1090,dt_tfidf,f1_mean,0.898118115
800_1090,dt_tfidf,ci_lower,0.836005381
800_1090,dt_tfidf,ci_upper,0.95486961
800_1090,dt_tfidf,std,0.029546857
800_1090,svc_tfidf,f1_mean,0.877106319
800_1090,svc_tfidf,ci_lower,0.812534699
800_1090,svc_tfidf,ci_upper,0.941893632
800_1090,svc_tfidf,std,0.034729005
800_1090,lsvc_tfidf,f1_mean,0.917354073
800_1090,lsvc_tfidf,ci_lower,0.856250557
800_1090,lsvc_tfidf,ci_upper,0.972798583
800_1090,lsvc_tfidf,std,0.029823792
800_1090,sgd_tfidf,f1_mean,0.902743906
800_1090,sgd_tfidf,ci_lower,0.840747695
800_1090,sgd_tfidf,ci_upper,0.95523619
800_1090,sgd_tfidf,std,0.03030546
800_1090,knn_tfidf,f1_mean,0.877355137
800_1090,knn_tfidf,ci_lower,0.809671056
800_1090,knn_tfidf,ci_upper,0.930796465
800_1090,knn_tfidf,std,0.030979182
800_2080,lr_tfidf,f1_mean,0.842132554
800_2080,lr_tfidf,ci_lower,0.757610364
800_2080,lr_tfidf,ci_upper,0.912835623
800_2080,lr_tfidf,std,0.038256462
800_2080,nb_tfidf,f1_mean,0.814195
800_2080,nb_tfidf,ci_lower,0.722731125
800_2080,nb_tfidf,ci_upper,0.89460294
800_2080,nb_tfidf,std,0.044918798
800_2080,rf_tfidf,f1_mean,0.798681104
800_2080,rf_tfidf,ci_lower,0.704971516
800_2080,rf_tfidf,ci_upper,0.877363445
800_2080,rf_tfidf,std,0.045949607
800_2080,dt_tfidf,f1_mean,0.799908172
800_2080,dt_tfidf,ci_lower,0.719969117
800_2080,dt_tfidf,ci_upper,0.875
800_2080,dt_tfidf,std,0.041013767
800_2080,svc_tfidf,f1_mean,0.829645434
800_2080,svc_tfidf,ci_lower,0.743084491
800_2080,svc_tfidf,ci_upper,0.904938541
800_2080,svc_tfidf,std,0.04215313
800_2080,lsvc_tfidf,f1_mean,0.837842849
800_2080,lsvc_tfidf,ci_lower,0.750997223
800_2080,lsvc_tfidf,ci_upper,0.902430978
800_2080,lsvc_tfidf,std,0.038226389
800_2080,sgd_tfidf,f1_mean,0.802344324
800_2080,sgd_tfidf,ci_lower,0.716063549
800_2080,sgd_tfidf,ci_upper,0.877525444
800_2080,sgd_tfidf,std,0.039906754
800_2080,knn_tfidf,f1_mean,0.822128104
800_2080,knn_tfidf,ci_lower,0.735977056
800_2080,knn_tfidf,ci_upper,0.895584769
800_2080,knn_tfidf,std,0.040836844
800_3070,lr_tfidf,f1_mean,0.774474971
800_3070,lr_tfidf,ci_lower,0.68773594
800_3070,lr_tfidf,ci_upper,0.854729844
800_3070,lr_tfidf,std,0.043156209
800_3070,nb_tfidf,f1_mean,0.766647924
800_3070,nb_tfidf,ci_lower,0.673106894
800_3070,nb_tfidf,ci_upper,0.851761519
800_3070,nb_tfidf,std,0.044667951
800_3070,rf_tfidf,f1_mean,0.710338284
800_3070,rf_tfidf,ci_lower,0.614105319
800_3070,rf_tfidf,ci_upper,0.801487527
800_3070,rf_tfidf,std,0.050229686
800_3070,dt_tfidf,f1_mean,0.760672262
800_3070,dt_tfidf,ci_lower,0.681931644
800_3070,dt_tfidf,ci_upper,0.833434688
800_3070,dt_tfidf,std,0.038540958
800_3070,svc_tfidf,f1_mean,0.767481856
800_3070,svc_tfidf,ci_lower,0.674626679
800_3070,svc_tfidf,ci_upper,0.852557114
800_3070,svc_tfidf,std,0.044086451
800_3070,lsvc_tfidf,f1_mean,0.778524873
800_3070,lsvc_tfidf,ci_lower,0.687351785
800_3070,lsvc_tfidf,ci_upper,0.856730032
800_3070,lsvc_tfidf,std,0.043501208
800_3070,sgd_tfidf,f1_mean,0.763406499
800_3070,sgd_tfidf,ci_lower,0.680031456
800_3070,sgd_tfidf,ci_upper,0.840867178
800_3070,sgd_tfidf,std,0.039208051
800_3070,knn_tfidf,f1_mean,0.792601231
800_3070,knn_tfidf,ci_lower,0.706415406
800_3070,knn_tfidf,ci_upper,0.872585473
800_3070,knn_tfidf,std,0.043183843
800_4060,lr_tfidf,f1_mean,0.645280719
800_4060,lr_tfidf,ci_lower,0.565929773
800_4060,lr_tfidf,ci_upper,0.726751677
800_4060,lr_tfidf,std,0.041971058
800_4060,nb_tfidf,f1_mean,0.620199766
800_4060,nb_tfidf,ci_lower,0.521590803
800_4060,nb_tfidf,ci_upper,0.718741451
800_4060,nb_tfidf,std,0.051106223
800_4060,rf_tfidf,f1_mean,0.578012196
800_4060,rf_tfidf,ci_lower,0.472064088
800_4060,rf_tfidf,ci_upper,0.678946148
800_4060,rf_tfidf,std,0.053050611
800_4060,dt_tfidf,f1_mean,0.625428516
800_4060,dt_tfidf,ci_lower,0.540172755
800_4060,dt_tfidf,ci_upper,0.714399082
800_4060,dt_tfidf,std,0.044347502
800_4060,svc_tfidf,f1_mean,0.644384368
800_4060,svc_tfidf,ci_lower,0.547058637
800_4060,svc_tfidf,ci_upper,0.732624765
800_4060,svc_tfidf,std,0.049166205
800_4060,lsvc_tfidf,f1_mean,0.657629428
800_4060,lsvc_tfidf,ci_lower,0.57062512
800_4060,lsvc_tfidf,ci_upper,0.746371591
800_4060,lsvc_tfidf,std,0.046201994
800_4060,sgd_tfidf,f1_mean,0.64516537
800_4060,sgd_tfidf,ci_lower,0.565198243
800_4060,sgd_tfidf,ci_upper,0.724778251
800_4060,sgd_tfidf,std,0.040348436
800_4060,knn_tfidf,f1_mean,0.642256509
800_4060,knn_tfidf,ci_lower,0.567839443
800_4060,knn_tfidf,ci_upper,0.721812137
800_4060,knn_tfidf,std,0.040371789
800_5050,lr_tfidf,f1_mean,0.685633585
800_5050,lr_tfidf,ci_lower,0.608446791
800_5050,lr_tfidf,ci_upper,0.773919783
800_5050,lr_tfidf,std,0.042068503
800_5050,nb_tfidf,f1_mean,0.721393029
800_5050,nb_tfidf,ci_lower,0.641697854
800_5050,nb_tfidf,ci_upper,0.804618491
800_5050,nb_tfidf,std,0.040490433
800_5050,rf_tfidf,f1_mean,0.703878085
800_5050,rf_tfidf,ci_lower,0.61937601
800_5050,rf_tfidf,ci_upper,0.780296933
800_5050,rf_tfidf,std,0.041381204
800_5050,dt_tfidf,f1_mean,0.655684745
800_5050,dt_tfidf,ci_lower,0.576672286
800_5050,dt_tfidf,ci_upper,0.734375
800_5050,dt_tfidf,std,0.041537576
800_5050,svc_tfidf,f1_mean,0.721805905
800_5050,svc_tfidf,ci_lower,0.643346577
800_5050,svc_tfidf,ci_upper,0.793647889
800_5050,svc_tfidf,std,0.039678323
800_5050,lsvc_tfidf,f1_mean,0.653851585
800_5050,lsvc_tfidf,ci_lower,0.570151736
800_5050,lsvc_tfidf,ci_upper,0.733385981
800_5050,lsvc_tfidf,std,0.043205579
800_5050,sgd_tfidf,f1_mean,0.582422554
800_5050,sgd_tfidf,ci_lower,0.49705844
800_5050,sgd_tfidf,ci_upper,0.6709311
800_5050,sgd_tfidf,std,0.044335309
800_5050,knn_tfidf,f1_mean,0.641853706
800_5050,knn_tfidf,ci_lower,0.552378375
800_5050,knn_tfidf,ci_upper,0.725608727
800_5050,knn_tfidf,std,0.043810903
1000_1090,lr_tfidf,f1_mean,0.822908402
1000_1090,lr_tfidf,ci_lower,0.750051297
1000_1090,lr_tfidf,ci_upper,0.888961039
1000_1090,lr_tfidf,std,0.035821793
1000_1090,nb_tfidf,f1_mean,0.826679638
1000_1090,nb_tfidf,ci_lower,0.750051297
1000_1090,nb_tfidf,ci_upper,0.902907369
1000_1090,nb_tfidf,std,0.038216176
1000_1090,rf_tfidf,f1_mean,0.825031291
1000_1090,rf_tfidf,ci_lower,0.745890411
1000_1090,rf_tfidf,ci_upper,0.888961039
1000_1090,rf_tfidf,std,0.036567275
1000_1090,dt_tfidf,f1_mean,0.7903626
1000_1090,dt_tfidf,ci_lower,0.722232319
1000_1090,dt_tfidf,ci_upper,0.860049947
1000_1090,dt_tfidf,std,0.035062765
1000_1090,svc_tfidf,f1_mean,0.826056783
1000_1090,svc_tfidf,ci_lower,0.758823142
1000_1090,svc_tfidf,ci_upper,0.898098706
1000_1090,svc_tfidf,std,0.035352878
1000_1090,lsvc_tfidf,f1_mean,0.842421629
1000_1090,lsvc_tfidf,ci_lower,0.772245763
1000_1090,lsvc_tfidf,ci_upper,0.912472944
1000_1090,lsvc_tfidf,std,0.034817999
1000_1090,sgd_tfidf,f1_mean,0.830840869
1000_1090,sgd_tfidf,ci_lower,0.756724856
1000_1090,sgd_tfidf,ci_upper,0.898098706
1000_1090,sgd_tfidf,std,0.036329012
1000_1090,knn_tfidf,f1_mean,0.861547105
1000_1090,knn_tfidf,ci_lower,0.791519672
1000_1090,knn_tfidf,ci_upper,0.922616176
1000_1090,knn_tfidf,std,0.033775772
1000_2080,lr_tfidf,f1_mean,0.819326394
1000_2080,lr_tfidf,ci_lower,0.739941511
1000_2080,lr_tfidf,ci_upper,0.888041325
1000_2080,lr_tfidf,std,0.03805362
1000_2080,nb_tfidf,f1_mean,0.773418421
1000_2080,nb_tfidf,ci_lower,0.692181298
1000_2080,nb_tfidf,ci_upper,0.848733108
1000_2080,nb_tfidf,std,0.041019295
1000_2080,rf_tfidf,f1_mean,0.736645796
1000_2080,rf_tfidf,ci_lower,0.655309361
1000_2080,rf_tfidf,ci_upper,0.816666667
1000_2080,rf_tfidf,std,0.041172424
1000_2080,dt_tfidf,f1_mean,0.756945588
1000_2080,dt_tfidf,ci_lower,0.681769845
1000_2080,dt_tfidf,ci_upper,0.822341922
1000_2080,dt_tfidf,std,0.036018619
1000_2080,svc_tfidf,f1_mean,0.790917058
1000_2080,svc_tfidf,ci_lower,0.710089286
1000_2080,svc_tfidf,ci_upper,0.866787822
1000_2080,svc_tfidf,std,0.040682176
1000_2080,lsvc_tfidf,f1_mean,0.815221636
1000_2080,lsvc_tfidf,ci_lower,0.746212401
1000_2080,lsvc_tfidf,ci_upper,0.884436453
1000_2080,lsvc_tfidf,std,0.036246471
1000_2080,sgd_tfidf,f1_mean,0.825353564
1000_2080,sgd_tfidf,ci_lower,0.754807827
1000_2080,sgd_tfidf,ci_upper,0.88806237
1000_2080,sgd_tfidf,std,0.032709288
1000_2080,knn_tfidf,f1_mean,0.811183597
1000_2080,knn_tfidf,ci_lower,0.739653922
1000_2080,knn_tfidf,ci_upper,0.88501337
1000_2080,knn_tfidf,std,0.036828998
1000_3070,lr_tfidf,f1_mean,0.698278529
1000_3070,lr_tfidf,ci_lower,0.617483339
1000_3070,lr_tfidf,ci_upper,0.773817717
1000_3070,lr_tfidf,std,0.040726989
1000_3070,nb_tfidf,f1_mean,0.708011331
1000_3070,nb_tfidf,ci_lower,0.619355983
1000_3070,nb_tfidf,ci_upper,0.79493088
1000_3070,nb_tfidf,std,0.047074151
1000_3070,rf_tfidf,f1_mean,0.655048174
1000_3070,rf_tfidf,ci_lower,0.564138079
1000_3070,rf_tfidf,ci_upper,0.752882206
1000_3070,rf_tfidf,std,0.048219648
1000_3070,dt_tfidf,f1_mean,0.643284541
1000_3070,dt_tfidf,ci_lower,0.560525928
1000_3070,dt_tfidf,ci_upper,0.715350521
1000_3070,dt_tfidf,std,0.040217013
1000_3070,svc_tfidf,f1_mean,0.715329398
1000_3070,svc_tfidf,ci_lower,0.635341106
1000_3070,svc_tfidf,ci_upper,0.797142622
1000_3070,svc_tfidf,std,0.044073328
1000_3070,lsvc_tfidf,f1_mean,0.699266384
1000_3070,lsvc_tfidf,ci_lower,0.620430375
1000_3070,lsvc_tfidf,ci_upper,0.774620275
1000_3070,lsvc_tfidf,std,0.039909934
1000_3070,sgd_tfidf,f1_mean,0.669095922
1000_3070,sgd_tfidf,ci_lower,0.589927549
1000_3070,sgd_tfidf,ci_upper,0.745390128
1000_3070,sgd_tfidf,std,0.039288013
1000_3070,knn_tfidf,f1_mean,0.665792144
1000_3070,knn_tfidf,ci_lower,0.584540007
1000_3070,knn_tfidf,ci_upper,0.746218214
1000_3070,knn_tfidf,std,0.043469865
1000_4060,lr_tfidf,f1_mean,0.656522944
1000_4060,lr_tfidf,ci_lower,0.576934358
1000_4060,lr_tfidf,ci_upper,0.736261681
1000_4060,lr_tfidf,std,0.040347315
1000_4060,nb_tfidf,f1_mean,0.592579628
1000_4060,nb_tfidf,ci_lower,0.495367137
1000_4060,nb_tfidf,ci_upper,0.68322153
1000_4060,nb_tfidf,std,0.04999338
1000_4060,rf_tfidf,f1_mean,0.575517176
1000_4060,rf_tfidf,ci_lower,0.480796966
1000_4060,rf_tfidf,ci_upper,0.671257466
1000_4060,rf_tfidf,std,0.048248073
1000_4060,dt_tfidf,f1_mean,0.660469814
1000_4060,dt_tfidf,ci_lower,0.586230077
1000_4060,dt_tfidf,ci_upper,0.735837456
1000_4060,dt_tfidf,std,0.038577155
1000_4060,svc_tfidf,f1_mean,0.587569689
1000_4060,svc_tfidf,ci_lower,0.491867109
1000_4060,svc_tfidf,ci_upper,0.688128899
1000_4060,svc_tfidf,std,0.049519346
1000_4060,lsvc_tfidf,f1_mean,0.652137663
1000_4060,lsvc_tfidf,ci_lower,0.57571908
1000_4060,lsvc_tfidf,ci_upper,0.723340753
1000_4060,lsvc_tfidf,std,0.03927727
1000_4060,sgd_tfidf,f1_mean,0.67199994
1000_4060,sgd_tfidf,ci_lower,0.593824346
1000_4060,sgd_tfidf,ci_upper,0.742041604
1000_4060,sgd_tfidf,std,0.039007673
1000_4060,knn_tfidf,f1_mean,0.590471855
1000_4060,knn_tfidf,ci_lower,0.507710655
1000_4060,knn_tfidf,ci_upper,0.668657652
1000_4060,knn_tfidf,std,0.04168282
1000_5050,lr_tfidf,f1_mean,0.670857445
1000_5050,lr_tfidf,ci_lower,0.597041245
1000_5050,lr_tfidf,ci_upper,0.741676533
1000_5050,lr_tfidf,std,0.03773231
1000_5050,nb_tfidf,f1_mean,0.706078029
1000_5050,nb_tfidf,ci_lower,0.629449244
1000_5050,nb_tfidf,ci_upper,0.774590964
1000_5050,nb_tfidf,std,0.037462835
1000_5050,rf_tfidf,f1_mean,0.680553893
1000_5050,rf_tfidf,ci_lower,0.606913785
1000_5050,rf_tfidf,ci_upper,0.758603026
1000_5050,rf_tfidf,std,0.038378091
1000_5050,dt_tfidf,f1_mean,0.58694982
1000_5050,dt_tfidf,ci_lower,0.507989631
1000_5050,dt_tfidf,ci_upper,0.675
1000_5050,dt_tfidf,std,0.041079076
1000_5050,svc_tfidf,f1_mean,0.675554972
1000_5050,svc_tfidf,ci_lower,0.60156373
1000_5050,svc_tfidf,ci_upper,0.74787073
1000_5050,svc_tfidf,std,0.03850155
1000_5050,lsvc_tfidf,f1_mean,0.660124306
1000_5050,lsvc_tfidf,ci_lower,0.582322511
1000_5050,lsvc_tfidf,ci_upper,0.731918169
1000_5050,lsvc_tfidf,std,0.038363536
1000_5050,sgd_tfidf,f1_mean,0.651994597
1000_5050,sgd_tfidf,ci_lower,0.583246303
1000_5050,sgd_tfidf,ci_upper,0.715588545
1000_5050,sgd_tfidf,std,0.036176169
1000_5050,knn_tfidf,f1_mean,0.672081357
1000_5050,knn_tfidf,ci_lower,0.599135422
1000_5050,knn_tfidf,ci_upper,0.743580255
1000_5050,knn_tfidf,std,0.036438499
2000_1090,lr_tfidf,f1_mean,0.878900814
2000_1090,lr_tfidf,ci_lower,0.834318694
2000_1090,lr_tfidf,ci_upper,0.922611172
2000_1090,lr_tfidf,std,0.02324717
2000_1090,nb_tfidf,f1_mean,0.849759483
2000_1090,nb_tfidf,ci_lower,0.80015604
2000_1090,nb_tfidf,ci_upper,0.896406504
2000_1090,nb_tfidf,std,0.024364964
2000_1090,rf_tfidf,f1_mean,0.844491449
2000_1090,rf_tfidf,ci_lower,0.798825503
2000_1090,rf_tfidf,ci_upper,0.891358246
2000_1090,rf_tfidf,std,0.024265066
2000_1090,dt_tfidf,f1_mean,0.844113378
2000_1090,dt_tfidf,ci_lower,0.796907959
2000_1090,dt_tfidf,ci_upper,0.883359541
2000_1090,dt_tfidf,std,0.021155684
2000_1090,svc_tfidf,f1_mean,0.870398304
2000_1090,svc_tfidf,ci_lower,0.824846336
2000_1090,svc_tfidf,ci_upper,0.916199813
2000_1090,svc_tfidf,std,0.024118523
2000_1090,lsvc_tfidf,f1_mean,0.87832826
2000_1090,lsvc_tfidf,ci_lower,0.832775971
2000_1090,lsvc_tfidf,ci_upper,0.919143504
2000_1090,lsvc_tfidf,std,0.022784344
2000_1090,sgd_tfidf,f1_mean,0.876829597
2000_1090,sgd_tfidf,ci_lower,0.834524623
2000_1090,sgd_tfidf,ci_upper,0.917789746
2000_1090,sgd_tfidf,std,0.021185936
2000_1090,knn_tfidf,f1_mean,0.877912418
2000_1090,knn_tfidf,ci_lower,0.830399586
2000_1090,knn_tfidf,ci_upper,0.922236836
2000_1090,knn_tfidf,std,0.023061022
2000_2080,lr_tfidf,f1_mean,0.82492197
2000_2080,lr_tfidf,ci_lower,0.776741077
2000_2080,lr_tfidf,ci_upper,0.872236988
2000_2080,lr_tfidf,std,0.025018955
2000_2080,nb_tfidf,f1_mean,0.794532958
2000_2080,nb_tfidf,ci_lower,0.737852563
2000_2080,nb_tfidf,ci_upper,0.85054836
2000_2080,nb_tfidf,std,0.028992297
2000_2080,rf_tfidf,f1_mean,0.733986918
2000_2080,rf_tfidf,ci_lower,0.673319623
2000_2080,rf_tfidf,ci_upper,0.793351101
2000_2080,rf_tfidf,std,0.030790994
2000_2080,dt_tfidf,f1_mean,0.769868622
2000_2080,dt_tfidf,ci_lower,0.724118911
2000_2080,dt_tfidf,ci_upper,0.812251225
2000_2080,dt_tfidf,std,0.023697631
2000_2080,svc_tfidf,f1_mean,0.818026016
2000_2080,svc_tfidf,ci_lower,0.76763376
2000_2080,svc_tfidf,ci_upper,0.865794008
2000_2080,svc_tfidf,std,0.025903224
2000_2080,lsvc_tfidf,f1_mean,0.829149253
2000_2080,lsvc_tfidf,ci_lower,0.781700133
2000_2080,lsvc_tfidf,ci_upper,0.875927686
2000_2080,lsvc_tfidf,std,0.024745556
2000_2080,sgd_tfidf,f1_mean,0.834868527
2000_2080,sgd_tfidf,ci_lower,0.783893403
2000_2080,sgd_tfidf,ci_upper,0.881010576
2000_2080,sgd_tfidf,std,0.024666595
2000_2080,knn_tfidf,f1_mean,0.818604245
2000_2080,knn_tfidf,ci_lower,0.77004794
2000_2080,knn_tfidf,ci_upper,0.866850747
2000_2080,knn_tfidf,std,0.0242727
2000_3070,lr_tfidf,f1_mean,0.758299742
2000_3070,lr_tfidf,ci_lower,0.706835313
2000_3070,lr_tfidf,ci_upper,0.808899394
2000_3070,lr_tfidf,std,0.02722377
2000_3070,nb_tfidf,f1_mean,0.757017893
2000_3070,nb_tfidf,ci_lower,0.699506653
2000_3070,nb_tfidf,ci_upper,0.813078461
2000_3070,nb_tfidf,std,0.029163207
2000_3070,rf_tfidf,f1_mean,0.722430527
2000_3070,rf_tfidf,ci_lower,0.663509991
2000_3070,rf_tfidf,ci_upper,0.779528167
2000_3070,rf_tfidf,std,0.030993782
2000_3070,dt_tfidf,f1_mean,0.735918267
2000_3070,dt_tfidf,ci_lower,0.684988186
2000_3070,dt_tfidf,ci_upper,0.785248581
2000_3070,dt_tfidf,std,0.025794262
2000_3070,svc_tfidf,f1_mean,0.776766149
2000_3070,svc_tfidf,ci_lower,0.723094338
2000_3070,svc_tfidf,ci_upper,0.826758835
2000_3070,svc_tfidf,std,0.02796584
2000_3070,lsvc_tfidf,f1_mean,0.759565719
2000_3070,lsvc_tfidf,ci_lower,0.705334805
2000_3070,lsvc_tfidf,ci_upper,0.814062471
2000_3070,lsvc_tfidf,std,0.027317838
2000_3070,sgd_tfidf,f1_mean,0.764648323
2000_3070,sgd_tfidf,ci_lower,0.717076139
2000_3070,sgd_tfidf,ci_upper,0.814172274
2000_3070,sgd_tfidf,std,0.024694423
2000_3070,knn_tfidf,f1_mean,0.739882745
2000_3070,knn_tfidf,ci_lower,0.680379011
2000_3070,knn_tfidf,ci_upper,0.787689729
2000_3070,knn_tfidf,std,0.026932482
2000_4060,lr_tfidf,f1_mean,0.724126295
2000_4060,lr_tfidf,ci_lower,0.668161891
2000_4060,lr_tfidf,ci_upper,0.77715852
2000_4060,lr_tfidf,std,0.02676169
2000_4060,nb_tfidf,f1_mean,0.695716232
2000_4060,nb_tfidf,ci_lower,0.628727303
2000_4060,nb_tfidf,ci_upper,0.755598782
2000_4060,nb_tfidf,std,0.03180967
2000_4060,rf_tfidf,f1_mean,0.636850176
2000_4060,rf_tfidf,ci_lower,0.575754475
2000_4060,rf_tfidf,ci_upper,0.698041862
2000_4060,rf_tfidf,std,0.032352537
2000_4060,dt_tfidf,f1_mean,0.637922894
2000_4060,dt_tfidf,ci_lower,0.589843026
2000_4060,dt_tfidf,ci_upper,0.688932992
2000_4060,dt_tfidf,std,0.026133609
2000_4060,svc_tfidf,f1_mean,0.699264355
2000_4060,svc_tfidf,ci_lower,0.642005858
2000_4060,svc_tfidf,ci_upper,0.752815624
2000_4060,svc_tfidf,std,0.029882522
2000_4060,lsvc_tfidf,f1_mean,0.733837871
2000_4060,lsvc_tfidf,ci_lower,0.680907324
2000_4060,lsvc_tfidf,ci_upper,0.788519799
2000_4060,lsvc_tfidf,std,0.026022604
2000_4060,sgd_tfidf,f1_mean,0.721284335
2000_4060,sgd_tfidf,ci_lower,0.666967649
2000_4060,sgd_tfidf,ci_upper,0.767144939
2000_4060,sgd_tfidf,std,0.025172897
2000_4060,knn_tfidf,f1_mean,0.719300596
2000_4060,knn_tfidf,ci_lower,0.670927156
2000_4060,knn_tfidf,ci_upper,0.763146577
2000_4060,knn_tfidf,std,0.02451146
2000_5050,lr_tfidf,f1_mean,0.670549068
2000_5050,lr_tfidf,ci_lower,0.624834838
2000_5050,lr_tfidf,ci_upper,0.721769312
2000_5050,lr_tfidf,std,0.026936638
2000_5050,nb_tfidf,f1_mean,0.624113324
2000_5050,nb_tfidf,ci_lower,0.569568719
2000_5050,nb_tfidf,ci_upper,0.675097716
2000_5050,nb_tfidf,std,0.026205342
2000_5050,rf_tfidf,f1_mean,0.612936468
2000_5050,rf_tfidf,ci_lower,0.560946266
2000_5050,rf_tfidf,ci_upper,0.666498288
2000_5050,rf_tfidf,std,0.028131631
2000_5050,dt_tfidf,f1_mean,0.662562728
2000_5050,dt_tfidf,ci_lower,0.612393125
2000_5050,dt_tfidf,ci_upper,0.713007808
2000_5050,dt_tfidf,std,0.026894447
2000_5050,svc_tfidf,f1_mean,0.658620556
2000_5050,svc_tfidf,ci_lower,0.603720668
2000_5050,svc_tfidf,ci_upper,0.708881118
2000_5050,svc_tfidf,std,0.026116084
2000_5050,lsvc_tfidf,f1_mean,0.662347022
2000_5050,lsvc_tfidf,ci_lower,0.605371063
2000_5050,lsvc_tfidf,ci_upper,0.71295406
2000_5050,lsvc_tfidf,std,0.026568656
2000_5050,sgd_tfidf,f1_mean,0.641539688
2000_5050,sgd_tfidf,ci_lower,0.592817447
2000_5050,sgd_tfidf,ci_upper,0.690828884
2000_5050,sgd_tfidf,std,0.026890919
2000_5050,knn_tfidf,f1_mean,0.653155304
2000_5050,knn_tfidf,ci_lower,0.600719011
2000_5050,knn_tfidf,ci_upper,0.703174391
2000_5050,knn_tfidf,std,0.026596319
3000_1090,lr_tfidf,f1_mean,0.906620041
3000_1090,lr_tfidf,ci_lower,0.872243199
3000_1090,lr_tfidf,ci_upper,0.933529589
3000_1090,lr_tfidf,std,0.016014619
3000_1090,nb_tfidf,f1_mean,0.860773292
3000_1090,nb_tfidf,ci_lower,0.822634885
3000_1090,nb_tfidf,ci_upper,0.895050396
3000_1090,nb_tfidf,std,0.019345743
3000_1090,rf_tfidf,f1_mean,0.85636114
3000_1090,rf_tfidf,ci_lower,0.816666667
3000_1090,rf_tfidf,ci_upper,0.898098706
3000_1090,rf_tfidf,std,0.020546478
3000_1090,dt_tfidf,f1_mean,0.85074102
3000_1090,dt_tfidf,ci_lower,0.815939543
3000_1090,dt_tfidf,ci_upper,0.883931455
3000_1090,dt_tfidf,std,0.017349169
3000_1090,svc_tfidf,f1_mean,0.898526158
3000_1090,svc_tfidf,ci_lower,0.860969067
3000_1090,svc_tfidf,ci_upper,0.930437319
3000_1090,svc_tfidf,std,0.017039925
3000_1090,lsvc_tfidf,f1_mean,0.911424666
3000_1090,lsvc_tfidf,ci_lower,0.881611069
3000_1090,lsvc_tfidf,ci_upper,0.939491994
3000_1090,lsvc_tfidf,std,0.015174097
3000_1090,sgd_tfidf,f1_mean,0.887408754
3000_1090,sgd_tfidf,ci_lower,0.8522501
3000_1090,sgd_tfidf,ci_upper,0.919307424
3000_1090,sgd_tfidf,std,0.017386175
3000_1090,knn_tfidf,f1_mean,0.900521336
3000_1090,knn_tfidf,ci_lower,0.869879022
3000_1090,knn_tfidf,ci_upper,0.927567731
3000_1090,knn_tfidf,std,0.014502671
3000_2080,lr_tfidf,f1_mean,0.814485387
3000_2080,lr_tfidf,ci_lower,0.772285158
3000_2080,lr_tfidf,ci_upper,0.851888459
3000_2080,lr_tfidf,std,0.020542668
3000_2080,nb_tfidf,f1_mean,0.776036085
3000_2080,nb_tfidf,ci_lower,0.734575315
3000_2080,nb_tfidf,ci_upper,0.821542294
3000_2080,nb_tfidf,std,0.022569963
3000_2080,rf_tfidf,f1_mean,0.74595223
3000_2080,rf_tfidf,ci_lower,0.698926788
3000_2080,rf_tfidf,ci_upper,0.793268662
3000_2080,rf_tfidf,std,0.023995415
3000_2080,dt_tfidf,f1_mean,0.738030664
3000_2080,dt_tfidf,ci_lower,0.694670498
3000_2080,dt_tfidf,ci_upper,0.777226522
3000_2080,dt_tfidf,std,0.021491774
3000_2080,svc_tfidf,f1_mean,0.788486963
3000_2080,svc_tfidf,ci_lower,0.741531706
3000_2080,svc_tfidf,ci_upper,0.836257303
3000_2080,svc_tfidf,std,0.02422978
3000_2080,lsvc_tfidf,f1_mean,0.807486763
3000_2080,lsvc_tfidf,ci_lower,0.765948321
3000_2080,lsvc_tfidf,ci_upper,0.847095778
3000_2080,lsvc_tfidf,std,0.020782124
3000_2080,sgd_tfidf,f1_mean,0.803883769
3000_2080,sgd_tfidf,ci_lower,0.766082744
3000_2080,sgd_tfidf,ci_upper,0.845237735
3000_2080,sgd_tfidf,std,0.021070414
3000_2080,knn_tfidf,f1_mean,0.773005089
3000_2080,knn_tfidf,ci_lower,0.729801286
3000_2080,knn_tfidf,ci_upper,0.815205851
3000_2080,knn_tfidf,std,0.022443054
3000_3070,lr_tfidf,f1_mean,0.768582478
3000_3070,lr_tfidf,ci_lower,0.728766993
3000_3070,lr_tfidf,ci_upper,0.808264295
3000_3070,lr_tfidf,std,0.020822691
3000_3070,nb_tfidf,f1_mean,0.719831282
3000_3070,nb_tfidf,ci_lower,0.670088365
3000_3070,nb_tfidf,ci_upper,0.772852077
3000_3070,nb_tfidf,std,0.026093714
3000_3070,rf_tfidf,f1_mean,0.659141227
3000_3070,rf_tfidf,ci_lower,0.604836838
3000_3070,rf_tfidf,ci_upper,0.716379284
3000_3070,rf_tfidf,std,0.02820682
3000_3070,dt_tfidf,f1_mean,0.709939036
3000_3070,dt_tfidf,ci_lower,0.667670424
3000_3070,dt_tfidf,ci_upper,0.747650544
3000_3070,dt_tfidf,std,0.020046561
3000_3070,svc_tfidf,f1_mean,0.767761481
3000_3070,svc_tfidf,ci_lower,0.71827537
3000_3070,svc_tfidf,ci_upper,0.807645984
3000_3070,svc_tfidf,std,0.023662005
3000_3070,lsvc_tfidf,f1_mean,0.775175005
3000_3070,lsvc_tfidf,ci_lower,0.73537456
3000_3070,lsvc_tfidf,ci_upper,0.814120423
3000_3070,lsvc_tfidf,std,0.020409661
3000_3070,sgd_tfidf,f1_mean,0.767963092
3000_3070,sgd_tfidf,ci_lower,0.727704977
3000_3070,sgd_tfidf,ci_upper,0.806108789
3000_3070,sgd_tfidf,std,0.020549901
3000_3070,knn_tfidf,f1_mean,0.744836688
3000_3070,knn_tfidf,ci_lower,0.701090549
3000_3070,knn_tfidf,ci_upper,0.782949372
3000_3070,knn_tfidf,std,0.021156719
3000_4060,lr_tfidf,f1_mean,0.682850974
3000_4060,lr_tfidf,ci_lower,0.633300279
3000_4060,lr_tfidf,ci_upper,0.725809986
3000_4060,lr_tfidf,std,0.023276519
3000_4060,nb_tfidf,f1_mean,0.636109415
3000_4060,nb_tfidf,ci_lower,0.583481867
3000_4060,nb_tfidf,ci_upper,0.686856876
3000_4060,nb_tfidf,std,0.026123389
3000_4060,rf_tfidf,f1_mean,0.589090203
3000_4060,rf_tfidf,ci_lower,0.536116214
3000_4060,rf_tfidf,ci_upper,0.638936335
3000_4060,rf_tfidf,std,0.026505743
3000_4060,dt_tfidf,f1_mean,0.635076352
3000_4060,dt_tfidf,ci_lower,0.594858634
3000_4060,dt_tfidf,ci_upper,0.67633432
3000_4060,dt_tfidf,std,0.021772333
3000_4060,svc_tfidf,f1_mean,0.685271864
3000_4060,svc_tfidf,ci_lower,0.640072812
3000_4060,svc_tfidf,ci_upper,0.730856891
3000_4060,svc_tfidf,std,0.023718069
3000_4060,lsvc_tfidf,f1_mean,0.681224117
3000_4060,lsvc_tfidf,ci_lower,0.639623878
3000_4060,lsvc_tfidf,ci_upper,0.724098686
3000_4060,lsvc_tfidf,std,0.022747902
3000_4060,sgd_tfidf,f1_mean,0.679094462
3000_4060,sgd_tfidf,ci_lower,0.638734393
3000_4060,sgd_tfidf,ci_upper,0.720927164
3000_4060,sgd_tfidf,std,0.021525061
3000_4060,knn_tfidf,f1_mean,0.678125412
3000_4060,knn_tfidf,ci_lower,0.635137301
3000_4060,knn_tfidf,ci_upper,0.721759657
3000_4060,knn_tfidf,std,0.022854936
3000_5050,lr_tfidf,f1_mean,0.692887043
3000_5050,lr_tfidf,ci_lower,0.649144581
3000_5050,lr_tfidf,ci_upper,0.735094717
3000_5050,lr_tfidf,std,0.02087659
3000_5050,nb_tfidf,f1_mean,0.634798116
3000_5050,nb_tfidf,ci_lower,0.591712305
3000_5050,nb_tfidf,ci_upper,0.682150702
3000_5050,nb_tfidf,std,0.022275207
3000_5050,rf_tfidf,f1_mean,0.613422816
3000_5050,rf_tfidf,ci_lower,0.564116367
3000_5050,rf_tfidf,ci_upper,0.661416176
3000_5050,rf_tfidf,std,0.025001106
3000_5050,dt_tfidf,f1_mean,0.635159265
3000_5050,dt_tfidf,ci_lower,0.589984186
3000_5050,dt_tfidf,ci_upper,0.673032326
3000_5050,dt_tfidf,std,0.021510304
3000_5050,svc_tfidf,f1_mean,0.713242701
3000_5050,svc_tfidf,ci_lower,0.673940794
3000_5050,svc_tfidf,ci_upper,0.756106195
3000_5050,svc_tfidf,std,0.020504637
3000_5050,lsvc_tfidf,f1_mean,0.694026676
3000_5050,lsvc_tfidf,ci_lower,0.653180801
3000_5050,lsvc_tfidf,ci_upper,0.733289044
3000_5050,lsvc_tfidf,std,0.021541994
3000_5050,sgd_tfidf,f1_mean,0.655900587
3000_5050,sgd_tfidf,ci_lower,0.616323971
3000_5050,sgd_tfidf,ci_upper,0.700153007
3000_5050,sgd_tfidf,std,0.021290226
3000_5050,knn_tfidf,f1_mean,0.659091925
3000_5050,knn_tfidf,ci_lower,0.613911652
3000_5050,knn_tfidf,ci_upper,0.702009817
3000_5050,knn_tfidf,std,0.02275423
4000_1090,lr_tfidf,f1_mean,0.890543033
4000_1090,lr_tfidf,ci_lower,0.860635595
4000_1090,lr_tfidf,ci_upper,0.917718449
4000_1090,lr_tfidf,std,0.015186137
4000_1090,nb_tfidf,f1_mean,0.840864166
4000_1090,nb_tfidf,ci_lower,0.807127119
4000_1090,nb_tfidf,ci_upper,0.875426165
4000_1090,nb_tfidf,std,0.018061119
4000_1090,rf_tfidf,f1_mean,0.836980237
4000_1090,rf_tfidf,ci_lower,0.805120006
4000_1090,rf_tfidf,ci_upper,0.868829213
4000_1090,rf_tfidf,std,0.017250445
4000_1090,dt_tfidf,f1_mean,0.845959378
4000_1090,dt_tfidf,ci_lower,0.81775029
4000_1090,dt_tfidf,ci_upper,0.873237332
4000_1090,dt_tfidf,std,0.014107439
4000_1090,svc_tfidf,f1_mean,0.887656698
4000_1090,svc_tfidf,ci_lower,0.855792084
4000_1090,svc_tfidf,ci_upper,0.918583267
4000_1090,svc_tfidf,std,0.015650423
4000_1090,lsvc_tfidf,f1_mean,0.890469917
4000_1090,lsvc_tfidf,ci_lower,0.857564171
4000_1090,lsvc_tfidf,ci_upper,0.918885087
4000_1090,lsvc_tfidf,std,0.015950853
4000_1090,sgd_tfidf,f1_mean,0.876616148
4000_1090,sgd_tfidf,ci_lower,0.847725441
4000_1090,sgd_tfidf,ci_upper,0.906036676
4000_1090,sgd_tfidf,std,0.015576339
4000_1090,knn_tfidf,f1_mean,0.854662977
4000_1090,knn_tfidf,ci_lower,0.823690879
4000_1090,knn_tfidf,ci_upper,0.88434602
4000_1090,knn_tfidf,std,0.01575026
4000_2080,lr_tfidf,f1_mean,0.807319464
4000_2080,lr_tfidf,ci_lower,0.772894321
4000_2080,lr_tfidf,ci_upper,0.843156369
4000_2080,lr_tfidf,std,0.018625888
4000_2080,nb_tfidf,f1_mean,0.804625285
4000_2080,nb_tfidf,ci_lower,0.762791198
4000_2080,nb_tfidf,ci_upper,0.845059343
4000_2080,nb_tfidf,std,0.019921374
4000_2080,rf_tfidf,f1_mean,0.728788977
4000_2080,rf_tfidf,ci_lower,0.688727227
4000_2080,rf_tfidf,ci_upper,0.768621005
4000_2080,rf_tfidf,std,0.021261787
4000_2080,dt_tfidf,f1_mean,0.758825304
4000_2080,dt_tfidf,ci_lower,0.721786482
4000_2080,dt_tfidf,ci_upper,0.793079481
4000_2080,dt_tfidf,std,0.017343858
4000_2080,svc_tfidf,f1_mean,0.811135472
4000_2080,svc_tfidf,ci_lower,0.77134109
4000_2080,svc_tfidf,ci_upper,0.847207354
4000_2080,svc_tfidf,std,0.01944753
4000_2080,lsvc_tfidf,f1_mean,0.809114664
4000_2080,lsvc_tfidf,ci_lower,0.769335831
4000_2080,lsvc_tfidf,ci_upper,0.845609719
4000_2080,lsvc_tfidf,std,0.019753155
4000_2080,sgd_tfidf,f1_mean,0.789493424
4000_2080,sgd_tfidf,ci_lower,0.75182107
4000_2080,sgd_tfidf,ci_upper,0.823469319
4000_2080,sgd_tfidf,std,0.019117451
4000_2080,knn_tfidf,f1_mean,0.811600959
4000_2080,knn_tfidf,ci_lower,0.777898211
4000_2080,knn_tfidf,ci_upper,0.847461834
4000_2080,knn_tfidf,std,0.018341756
4000_3070,lr_tfidf,f1_mean,0.77168992
4000_3070,lr_tfidf,ci_lower,0.740279843
4000_3070,lr_tfidf,ci_upper,0.804968919
4000_3070,lr_tfidf,std,0.01741034
4000_3070,nb_tfidf,f1_mean,0.730411443
4000_3070,nb_tfidf,ci_lower,0.689068125
4000_3070,nb_tfidf,ci_upper,0.773634761
4000_3070,nb_tfidf,std,0.022022247
4000_3070,rf_tfidf,f1_mean,0.645948196
4000_3070,rf_tfidf,ci_lower,0.599859009
4000_3070,rf_tfidf,ci_upper,0.69140156
4000_3070,rf_tfidf,std,0.023570381
4000_3070,dt_tfidf,f1_mean,0.703101748
4000_3070,dt_tfidf,ci_lower,0.665930958
4000_3070,dt_tfidf,ci_upper,0.737422878
4000_3070,dt_tfidf,std,0.01856215
4000_3070,svc_tfidf,f1_mean,0.776668443
4000_3070,svc_tfidf,ci_lower,0.739912761
4000_3070,svc_tfidf,ci_upper,0.812998609
4000_3070,svc_tfidf,std,0.019392553
4000_3070,lsvc_tfidf,f1_mean,0.77720321
4000_3070,lsvc_tfidf,ci_lower,0.743885731
4000_3070,lsvc_tfidf,ci_upper,0.809768739
4000_3070,lsvc_tfidf,std,0.0173228
4000_3070,sgd_tfidf,f1_mean,0.75822432
4000_3070,sgd_tfidf,ci_lower,0.723312087
4000_3070,sgd_tfidf,ci_upper,0.792573798
4000_3070,sgd_tfidf,std,0.017628252
4000_3070,knn_tfidf,f1_mean,0.736623236
4000_3070,knn_tfidf,ci_lower,0.698434343
4000_3070,knn_tfidf,ci_upper,0.773453374
4000_3070,knn_tfidf,std,0.019061263
4000_4060,lr_tfidf,f1_mean,0.71327505
4000_4060,lr_tfidf,ci_lower,0.678319435
4000_4060,lr_tfidf,ci_upper,0.751033624
4000_4060,lr_tfidf,std,0.019239896
4000_4060,nb_tfidf,f1_mean,0.616312387
4000_4060,nb_tfidf,ci_lower,0.570515619
4000_4060,nb_tfidf,ci_upper,0.66257481
4000_4060,nb_tfidf,std,0.023630152
4000_4060,rf_tfidf,f1_mean,0.55144087
4000_4060,rf_tfidf,ci_lower,0.502965756
4000_4060,rf_tfidf,ci_upper,0.600766856
4000_4060,rf_tfidf,std,0.025925528
4000_4060,dt_tfidf,f1_mean,0.669025077
4000_4060,dt_tfidf,ci_lower,0.633492273
4000_4060,dt_tfidf,ci_upper,0.70429611
4000_4060,dt_tfidf,std,0.018540921
4000_4060,svc_tfidf,f1_mean,0.678749983
4000_4060,svc_tfidf,ci_lower,0.64163018
4000_4060,svc_tfidf,ci_upper,0.713459708
4000_4060,svc_tfidf,std,0.019152779
4000_4060,lsvc_tfidf,f1_mean,0.711671737
4000_4060,lsvc_tfidf,ci_lower,0.670886134
4000_4060,lsvc_tfidf,ci_upper,0.748947708
4000_4060,lsvc_tfidf,std,0.019291068
4000_4060,sgd_tfidf,f1_mean,0.70392734
4000_4060,sgd_tfidf,ci_lower,0.666795524
4000_4060,sgd_tfidf,ci_upper,0.74136041
4000_4060,sgd_tfidf,std,0.018725592
4000_4060,knn_tfidf,f1_mean,0.658102881
4000_4060,knn_tfidf,ci_lower,0.619016676
4000_4060,knn_tfidf,ci_upper,0.695023467
4000_4060,knn_tfidf,std,0.020154022
4000_5050,lr_tfidf,f1_mean,0.698751777
4000_5050,lr_tfidf,ci_lower,0.66341862
4000_5050,lr_tfidf,ci_upper,0.731882266
4000_5050,lr_tfidf,std,0.018105188
4000_5050,nb_tfidf,f1_mean,0.658494183
4000_5050,nb_tfidf,ci_lower,0.622031699
4000_5050,nb_tfidf,ci_upper,0.695217828
4000_5050,nb_tfidf,std,0.018024372
4000_5050,rf_tfidf,f1_mean,0.643194972
4000_5050,rf_tfidf,ci_lower,0.606187671
4000_5050,rf_tfidf,ci_upper,0.680193301
4000_5050,rf_tfidf,std,0.019539859
4000_5050,dt_tfidf,f1_mean,0.680934999
4000_5050,dt_tfidf,ci_lower,0.649292489
4000_5050,dt_tfidf,ci_upper,0.714623588
4000_5050,dt_tfidf,std,0.017456007
4000_5050,svc_tfidf,f1_mean,0.701080294
4000_5050,svc_tfidf,ci_lower,0.66715703
4000_5050,svc_tfidf,ci_upper,0.735478558
4000_5050,svc_tfidf,std,0.017482269
4000_5050,lsvc_tfidf,f1_mean,0.693777915
4000_5050,lsvc_tfidf,ci_lower,0.659422418
4000_5050,lsvc_tfidf,ci_upper,0.730819814
4000_5050,lsvc_tfidf,std,0.018521571
4000_5050,sgd_tfidf,f1_mean,0.692124078
4000_5050,sgd_tfidf,ci_lower,0.660970668
4000_5050,sgd_tfidf,ci_upper,0.723324953
4000_5050,sgd_tfidf,std,0.017234172
4000_5050,knn_tfidf,f1_mean,0.693955805
4000_5050,knn_tfidf,ci_lower,0.659029593
4000_5050,knn_tfidf,ci_upper,0.730601467
4000_5050,knn_tfidf,std,0.01823617
5000_1090,lr_tfidf,f1_mean,0.910156019
5000_1090,lr_tfidf,ci_lower,0.885808934
5000_1090,lr_tfidf,ci_upper,0.93267767
5000_1090,lr_tfidf,std,0.012989376
5000_1090,nb_tfidf,f1_mean,0.889627928
5000_1090,nb_tfidf,ci_lower,0.858212476
5000_1090,nb_tfidf,ci_upper,0.917046709
5000_1090,nb_tfidf,std,0.014653304
5000_1090,rf_tfidf,f1_mean,0.871860926
5000_1090,rf_tfidf,ci_lower,0.843267206
5000_1090,rf_tfidf,ci_upper,0.899270549
5000_1090,rf_tfidf,std,0.014938274
5000_1090,dt_tfidf,f1_mean,0.87361934
5000_1090,dt_tfidf,ci_lower,0.849194013
5000_1090,dt_tfidf,ci_upper,0.899179098
5000_1090,dt_tfidf,std,0.013094433
5000_1090,svc_tfidf,f1_mean,0.907009679
5000_1090,svc_tfidf,ci_lower,0.882199828
5000_1090,svc_tfidf,ci_upper,0.929993675
5000_1090,svc_tfidf,std,0.012479281
5000_1090,lsvc_tfidf,f1_mean,0.911731042
5000_1090,lsvc_tfidf,ci_lower,0.887182065
5000_1090,lsvc_tfidf,ci_upper,0.934855788
5000_1090,lsvc_tfidf,std,0.011988673
5000_1090,sgd_tfidf,f1_mean,0.898004794
5000_1090,sgd_tfidf,ci_lower,0.872182506
5000_1090,sgd_tfidf,ci_upper,0.92373268
5000_1090,sgd_tfidf,std,0.013122035
5000_1090,knn_tfidf,f1_mean,0.900074929
5000_1090,knn_tfidf,ci_lower,0.872005462
5000_1090,knn_tfidf,ci_upper,0.9267143
5000_1090,knn_tfidf,std,0.013198179
5000_2080,lr_tfidf,f1_mean,0.828917664
5000_2080,lr_tfidf,ci_lower,0.797295693
5000_2080,lr_tfidf,ci_upper,0.857920024
5000_2080,lr_tfidf,std,0.016140568
5000_2080,nb_tfidf,f1_mean,0.814084845
5000_2080,nb_tfidf,ci_lower,0.780177752
5000_2080,nb_tfidf,ci_upper,0.848733076
5000_2080,nb_tfidf,std,0.017043568
5000_2080,rf_tfidf,f1_mean,0.761569028
5000_2080,rf_tfidf,ci_lower,0.72493903
5000_2080,rf_tfidf,ci_upper,0.799801897
5000_2080,rf_tfidf,std,0.019843074
5000_2080,dt_tfidf,f1_mean,0.781549322
5000_2080,dt_tfidf,ci_lower,0.753598404
5000_2080,dt_tfidf,ci_upper,0.812377331
5000_2080,dt_tfidf,std,0.0147682
5000_2080,svc_tfidf,f1_mean,0.833416822
5000_2080,svc_tfidf,ci_lower,0.802286175
5000_2080,svc_tfidf,ci_upper,0.86350295
5000_2080,svc_tfidf,std,0.015904628
5000_2080,lsvc_tfidf,f1_mean,0.824016466
5000_2080,lsvc_tfidf,ci_lower,0.791133997
5000_2080,lsvc_tfidf,ci_upper,0.854982644
5000_2080,lsvc_tfidf,std,0.016763252
5000_2080,sgd_tfidf,f1_mean,0.815458822
5000_2080,sgd_tfidf,ci_lower,0.78586822
5000_2080,sgd_tfidf,ci_upper,0.844005362
5000_2080,sgd_tfidf,std,0.015024368
5000_2080,knn_tfidf,f1_mean,0.806308406
5000_2080,knn_tfidf,ci_lower,0.775029115
5000_2080,knn_tfidf,ci_upper,0.839363745
5000_2080,knn_tfidf,std,0.016270753
5000_3070,lr_tfidf,f1_mean,0.775561535
5000_3070,lr_tfidf,ci_lower,0.74247518
5000_3070,lr_tfidf,ci_upper,0.810161225
5000_3070,lr_tfidf,std,0.017621689
5000_3070,nb_tfidf,f1_mean,0.747992854
5000_3070,nb_tfidf,ci_lower,0.711797548
5000_3070,nb_tfidf,ci_upper,0.782245571
5000_3070,nb_tfidf,std,0.01761682
5000_3070,rf_tfidf,f1_mean,0.670631317
5000_3070,rf_tfidf,ci_lower,0.632789713
5000_3070,rf_tfidf,ci_upper,0.707662627
5000_3070,rf_tfidf,std,0.020247506
5000_3070,dt_tfidf,f1_mean,0.725056256
5000_3070,dt_tfidf,ci_lower,0.692094458
5000_3070,dt_tfidf,ci_upper,0.758264763
5000_3070,dt_tfidf,std,0.016914763
5000_3070,svc_tfidf,f1_mean,0.773084617
5000_3070,svc_tfidf,ci_lower,0.737801281
5000_3070,svc_tfidf,ci_upper,0.805518452
5000_3070,svc_tfidf,std,0.017332937
5000_3070,lsvc_tfidf,f1_mean,0.77343212
5000_3070,lsvc_tfidf,ci_lower,0.740211361
5000_3070,lsvc_tfidf,ci_upper,0.804726453
5000_3070,lsvc_tfidf,std,0.016586361
5000_3070,sgd_tfidf,f1_mean,0.751382449
5000_3070,sgd_tfidf,ci_lower,0.723057303
5000_3070,sgd_tfidf,ci_upper,0.779160498
5000_3070,sgd_tfidf,std,0.015398717
5000_3070,knn_tfidf,f1_mean,0.7557467
5000_3070,knn_tfidf,ci_lower,0.724673837
5000_3070,knn_tfidf,ci_upper,0.788078733
5000_3070,knn_tfidf,std,0.016847656
5000_4060,lr_tfidf,f1_mean,0.750973656
5000_4060,lr_tfidf,ci_lower,0.720561332
5000_4060,lr_tfidf,ci_upper,0.778763322
5000_4060,lr_tfidf,std,0.015483958
5000_4060,nb_tfidf,f1_mean,0.721411854
5000_4060,nb_tfidf,ci_lower,0.685556764
5000_4060,nb_tfidf,ci_upper,0.755358502
5000_4060,nb_tfidf,std,0.017924511
5000_4060,rf_tfidf,f1_mean,0.628980883
5000_4060,rf_tfidf,ci_lower,0.590170285
5000_4060,rf_tfidf,ci_upper,0.667345771
5000_4060,rf_tfidf,std,0.020874064
5000_4060,dt_tfidf,f1_mean,0.721702398
5000_4060,dt_tfidf,ci_lower,0.69107776
5000_4060,dt_tfidf,ci_upper,0.752799786
5000_4060,dt_tfidf,std,0.016496785
5000_4060,svc_tfidf,f1_mean,0.763907571
5000_4060,svc_tfidf,ci_lower,0.728180027
5000_4060,svc_tfidf,ci_upper,0.798149055
5000_4060,svc_tfidf,std,0.017711607
5000_4060,lsvc_tfidf,f1_mean,0.74266516
5000_4060,lsvc_tfidf,ci_lower,0.71158198
5000_4060,lsvc_tfidf,ci_upper,0.771287702
5000_4060,lsvc_tfidf,std,0.016057083
5000_4060,sgd_tfidf,f1_mean,0.735163515
5000_4060,sgd_tfidf,ci_lower,0.706443884
5000_4060,sgd_tfidf,ci_upper,0.76449673
5000_4060,sgd_tfidf,std,0.015761068
5000_4060,knn_tfidf,f1_mean,0.710900701
5000_4060,knn_tfidf,ci_lower,0.679671528
5000_4060,knn_tfidf,ci_upper,0.742579971
5000_4060,knn_tfidf,std,0.016326617
5000_5050,lr_tfidf,f1_mean,0.726871618
5000_5050,lr_tfidf,ci_lower,0.696192739
5000_5050,lr_tfidf,ci_upper,0.757476378
5000_5050,lr_tfidf,std,0.015671167
5000_5050,nb_tfidf,f1_mean,0.693124403
5000_5050,nb_tfidf,ci_lower,0.659531663
5000_5050,nb_tfidf,ci_upper,0.727014663
5000_5050,nb_tfidf,std,0.017701011
5000_5050,rf_tfidf,f1_mean,0.659380791
5000_5050,rf_tfidf,ci_lower,0.625904442
5000_5050,rf_tfidf,ci_upper,0.694593746
5000_5050,rf_tfidf,std,0.017396169
5000_5050,dt_tfidf,f1_mean,0.686824851
5000_5050,dt_tfidf,ci_lower,0.656026184
5000_5050,dt_tfidf,ci_upper,0.718015808
5000_5050,dt_tfidf,std,0.01613425
5000_5050,svc_tfidf,f1_mean,0.760903748
5000_5050,svc_tfidf,ci_lower,0.732005969
5000_5050,svc_tfidf,ci_upper,0.792195015
5000_5050,svc_tfidf,std,0.015342026
5000_5050,lsvc_tfidf,f1_mean,0.725871488
5000_5050,lsvc_tfidf,ci_lower,0.692509129
5000_5050,lsvc_tfidf,ci_upper,0.755277224
5000_5050,lsvc_tfidf,std,0.016164894
5000_5050,sgd_tfidf,f1_mean,0.721799515
5000_5050,sgd_tfidf,ci_lower,0.690815235
5000_5050,sgd_tfidf,ci_upper,0.753888751
5000_5050,sgd_tfidf,std,0.016083638
5000_5050,knn_tfidf,f1_mean,0.703199845
5000_5050,knn_tfidf,ci_lower,0.673735214
5000_5050,knn_tfidf,ci_upper,0.732753416
5000_5050,knn_tfidf,std,0.01539444